{"zLFJcoOEdAe9R+CTdgFrgg==":"web-logo.png","X/27uzWLchycZAqTA+1PaQ==":"courier-delivering-package-to-woman-at-home-1-pd54man79lad8oqkyfoh3wmomw2oqpbdtgqy2hfw3k.jpg","jzKztfSgWeHNuT60soHwWg==":"web-logo-1.png","iPuPxAiWrEqHVuczgO0frA==":"transportation-and-logistics-1-2000x1206.jpg","ZmGM2i7Ta8bJXvtp9xuMgQ==":"industrial-relocation1-100-612x476.jpg","Q73O5081Z8+S29ZOx3YhGA==":"vehicle-relocation1-100-613x476.jpg","/TQ2LcmpGZ/UV2QN444vQA==":"office-relocation1-100-613x476.jpg","eacnCgyYLnTglmFMVG8RIg==":"domestic-relocation-1-100-612x476.jpg","9x/BUz42jRCk6txne1vzww==":"storage-warehousing1-100-612x475.jpg","t4/htAFpr6tnv8fGKA9DfQ==":"international-relocation1-100-613x475.jpg","ZusuYT0zC7+mi+Rbr3zXrQ==":"packing-unpacking1-100-612x476.jpg"}